vision_comment,workstyle_comment,summary_comment
"피검사자는 기업의 핵심 비전 키워드인 '창조'에서 기업과 완벽하게 일치하여 긍정적인 평가를 받을 수 있습니다. 그러나 '도전'과 '혁신'에서는 기업의 기대치에 비해 다소 낮은 점수를 보이고 있어, 이 부분에서의 추가적인 발전이 필요할 것으로 보입니다. 특히 '문제해결'에서는 기업의 기대치와 큰 차이를 보이고 있어 우려가 됩니다. 반면, 피검사자는 '사회공헌'에서 기업의 기대치를 충족하지 못하지만, '창조'에서의 높은 점수는 긍정적입니다. 결론적으로, 피검사자와 기업 간 비전 fit은 검토가 필요합니다.","피검사자는 기업의 촉진자형, 분석형, 조력자형, 논리형, 협력형, 겸손형 업무 스타일과 비교했을 때 전반적으로 낮은 수준을 보이고 있습니다. 특히 조력자형과 논리형에서 기업의 기대치와 차이가 있으며, 협력형에서는 상대적으로 조금 더 높은 점수를 보이지만 여전히 기업의 기대에 미치지 못하고 있습니다. 이러한 차이는 피검사자가 기업의 업무 스타일에 적응하는 데 있어 추가적인 검토가 필요함을 시사합니다. 피검사자와 기업 간 업무 성향 fit은 검토 필요입니다.","피검사자는 입사 후 적응 기간이 짧아 빠르게 업무에 적응할 수 있을 것으로 보이나, 타 팀 및 구성원과의 협업에서 어려움을 겪을 가능성이 높습니다. 경영진 및 상급자와의 소통은 보통 수준이며, 기업의 일하는 방식과는 부합하지 않는 경향이 있습니다. 구성원들과의 소통은 원활하나, 소통 관계에서 이직 스트레스 요인이 존재합니다. 과몰입형 위험 성향이 감지되어 우려되며, 갈등 유발 요인을 확인하라. 종합적으로, 조기 퇴사 가능성은 보통 수준입니다."
"피검사자는 기업의 핵심 비전 키워드인 '창조'에서 기업과 완벽하게 일치하여 긍정적인 평가를 받을 수 있습니다. 그러나 '도전'과 '혁신'에서는 기업의 기대치에 비해 다소 낮은 점수를 보여 우려가 있을 수 있습니다. 특히 '혁신'은 기업의 주요 비전임에도 불구하고 피검사자의 점수가 상대적으로 낮아 주의가 필요합니다. 반면, 피검사자는 '즐거움'과 '사회공헌'에서 기업의 기대치를 충족시키지 못하고 있습니다. 전반적으로 피검사자와 기업 간 비전 fit은 검토가 필요합니다.","피검사자는 기업의 촉진자형, 분석형, 조력자형, 논리형, 겸손형에서 기업의 기대치보다 낮은 성향을 보이고 있습니다. 협력형에서는 상대적으로 더 높은 성향을 보여 협력적인 업무 환경에서는 긍정적인 기여를 할 수 있을 것으로 보입니다. 그러나 전반적으로 기업의 업무 스타일과의 차이가 있어 추가적인 검토가 필요합니다. 피검사자와 기업간 업무 성향 fit은 검토 필요입니다.","피검사자는 입사 후 적응 기간이 짧아 빠르게 업무에 적응할 수 있으나, 타 팀 및 구성원과의 협업이 원활하지 않아 갈등 유발 요인을 확인하라. 기업의 비전과 가치관에 대한 사고방식은 보통 수준이며, 경영진 및 상급자와의 소통은 보통이나, 구성원들과의 소통은 원활합니다. 이직 스트레스 요인으로 소통 관계가 있으며, 과몰입형 위험 성향이 감지되어 우려됩니다. 종합적으로, 장기 재직 가능성은 불확실합니다."
"피검사자는 기업의 핵심 비전 키워드인 '창조'에서 기업과 완벽하게 일치하여 긍정적인 평가를 받을 수 있습니다. 그러나 '도전'과 '혁신'에서는 기업의 기대치에 비해 다소 낮은 점수를 보여 우려가 있을 수 있습니다. 특히 '혁신'은 기업의 주요 비전임에도 불구하고 피검사자의 점수가 상대적으로 낮아 주의가 필요합니다. 반면, 피검사자는 '즐거움'과 '사회공헌'에서 기업의 기대치를 충족시키지 못하고 있습니다. 전반적으로 피검사자와 기업 간 비전 fit은 검토가 필요합니다.","피검사자는 기업의 촉진자형, 분석형, 조력자형, 논리형, 겸손형에서 기업의 기대치보다 낮은 성향을 보이고 있습니다. 협력형에서는 상대적으로 더 높은 성향을 보여 협력적인 업무 환경에서는 긍정적인 기여를 할 수 있을 것으로 보입니다. 그러나 전반적으로 기업의 업무 스타일과의 차이가 있어 추가적인 검토가 필요합니다. 피검사자와 기업간 업무 성향 fit은 검토 필요입니다.","피검사자는 입사 후 적응 기간이 짧아 빠르게 업무에 적응할 수 있는 장점이 있으나, 타 팀 및 구성원과의 협업이 원활하지 않아 갈등 유발 요인을 확인하라. 기업의 비전과 가치관에 대한 사고방식은 보통 수준이며, 경영진 및 상급자와의 소통은 무난하지만, 기업의 일하는 방식과는 부합하지 않습니다. 이직 스트레스 요인으로 소통 관계가 있으며, 과몰입형 위험 성향이 감지되어 우려됩니다. 종합적으로, 조직 내에서의 장기 재직 가능성은 낮아 보입니다."
"피검사자는 기업의 핵심 비전 키워드인 '창조'에서 기업과 완벽하게 일치하여 긍정적인 평가를 받을 수 있습니다. 그러나 '도전'과 '혁신'에서는 기업의 기대치에 비해 다소 낮은 점수를 보이고 있어, 이 부분에서의 추가적인 발전이 필요할 것으로 보입니다. 특히 '혁신'에서의 차이는 기업의 비전과의 정렬에 있어 중요한 요소로 작용할 수 있습니다. '사회공헌'과 '전문성'에서도 기업의 기대치에 미치지 못하고 있어, 이러한 부분에서의 개선이 필요합니다. 결론적으로, 피검사자와 기업 간 비전 fit은 검토가 필요합니다.","피검사자는 기업의 촉진자형, 분석형, 조력자형, 논리형, 겸손형 업무 스타일에 비해 다소 낮은 수준을 보이고 있습니다. 그러나 협력형에서는 상대적으로 더 높은 점수를 보여, 팀워크와 협력적인 환경에서 긍정적인 기여를 할 수 있는 가능성을 가지고 있습니다. 전반적으로, 피검사자와 기업 간 업무 성향 fit은 검토가 필요합니다.","피검사자는 입사 후 적응 기간이 짧아 빠르게 업무에 적응할 수 있으나, 타 팀 및 구성원과의 협업이 원활하지 않아 갈등 유발 요인을 확인하라. 기업의 비전과 가치관에 대한 사고방식은 보통 수준이며, 경영진 및 상급자와의 소통은 보통이나, 구성원들과의 소통은 원활합니다. 이직 스트레스 요인으로 소통 관계가 있으며, 과몰입형 위험 성향이 감지되어 우려됩니다. 종합적으로, 장기 재직 가능성은 불확실합니다."
"피검사자는 기업의 핵심 비전 키워드인 '창조'에서 기업과 완벽하게 일치하여 긍정적인 평가를 받을 수 있습니다. 그러나 '도전'과 '혁신'에서는 기업의 기대치에 비해 다소 낮은 점수를 보여 우려가 있을 수 있습니다. 특히 '혁신'에서의 차이는 기업의 비전과의 정렬에 있어 중요한 부분으로 검토가 필요합니다. 반면, 피검사자는 '창조'에서 기업과의 높은 적합성을 보이며, 이는 긍정적인 요소로 작용할 수 있습니다. 결론적으로, 피검사자와 기업 간 비전 fit은 검토가 필요합니다.","피검사자는 기업의 촉진자형, 분석형, 조력자형, 논리형, 겸손형에서 기업의 기대치보다 낮은 성향을 보이고 있습니다. 협력형에서는 상대적으로 더 높은 성향을 보여 협력적인 업무 환경에서는 긍정적인 기여를 할 수 있을 것으로 보입니다. 그러나 전반적으로 기업의 업무 스타일과의 차이가 있어 추가적인 조정과 검토가 필요합니다. 피검사자와 기업 간 업무 성향 fit은 검토 필요입니다.","피검사자는 입사 후 적응 기간이 짧아 빠르게 업무에 적응할 수 있을 것으로 보이나, 타 팀 및 구성원과의 협업에서 어려움을 겪을 가능성이 높습니다. 경영진 및 상급자와의 소통은 보통 수준이며, 기업의 일하는 방식과는 부합하지 않는 경향이 있습니다. 구성원들과의 소통은 원활하나, 소통 관계에서 이직 스트레스 요인이 존재합니다. 과몰입형 위험 성향이 감지되어 우려되며, 갈등 유발 요인을 확인하라. 종합적으로, 장기 재직 가능성은 불확실합니다."
"피검사자는 기업의 핵심 비전 키워드인 '창조'에서 기업과 완벽하게 일치하여 긍정적인 평가를 받을 수 있습니다. 그러나 '도전'과 '혁신'에서는 기업의 기대치에 비해 다소 낮은 점수를 보여 우려가 있을 수 있습니다. 특히 '혁신'은 기업의 주요 비전임에도 불구하고 피검사자의 점수가 상대적으로 낮아 주의가 필요합니다. 반면, 피검사자는 '즐거움'과 '사회공헌'에서 기업의 기대치를 충족시키지 못하고 있습니다. 전반적으로 피검사자와 기업 간 비전 fit은 검토가 필요합니다.","피검사자는 기업의 촉진자형, 분석형, 조력자형, 논리형, 겸손형에서 기업의 기대치보다 낮은 성향을 보이고 있습니다. 협력형에서는 상대적으로 더 높은 성향을 보여 협력적인 업무 환경에서는 긍정적인 기여를 할 수 있을 것으로 보입니다. 그러나 전반적으로 기업의 업무 스타일과의 차이가 있어 추가적인 검토가 필요합니다. 피검사자와 기업간 업무 성향 fit은 검토 필요입니다.","피검사자는 입사 후 적응 기간이 짧아 빠르게 업무에 적응할 수 있으나, 타 팀 및 구성원과의 협업이 원활하지 않아 갈등 유발 요인을 확인하라. 기업의 비전과 가치관에 대한 사고방식은 보통 수준이며, 경영진 및 상급자와의 소통은 보통이나, 구성원들과의 소통은 원활합니다. 이직 스트레스 요인으로 소통 관계가 있으며, 과몰입형 위험 성향이 감지되어 우려됩니다. 종합적으로, 장기 재직 가능성은 불확실합니다."
"피검사자는 기업의 핵심 비전 키워드인 '창조'에서 기업과 완벽하게 일치하여 긍정적인 평가를 받을 수 있습니다. 그러나 '도전'과 '혁신'에서는 기업의 기대치에 비해 다소 낮은 점수를 보여 우려가 있을 수 있습니다. 특히 '혁신'은 기업의 주요 비전임에도 불구하고 피검사자의 점수가 상대적으로 낮아 주의가 필요합니다. 반면, 피검사자는 '즐거움'과 '사회공헌'에서 기업의 기대치를 충족시키지 못하고 있습니다. 전반적으로 피검사자와 기업 간 비전 fit은 검토가 필요합니다.","피검사자는 촉진자형, 분석형, 조력자형, 논리형, 겸손형에서 기업의 기대치보다 낮은 성향을 보이고 있습니다. 이는 기업의 업무 스타일과의 차이를 나타내며, 이로 인해 업무 수행 시 기업의 기대에 부합하기 어려울 수 있습니다. 반면, 협력형에서는 상대적으로 높은 성향을 보여 팀워크와 협업에서 긍정적인 기여를 할 가능성이 있습니다. 전반적으로, 피검사자와 기업 간 업무 성향 fit은 검토가 필요합니다.","피검사자는 입사 후 적응 기간이 짧아 빠르게 업무에 적응할 수 있으나, 타 팀 및 구성원과의 협업이 원활하지 않아 갈등 유발 요인을 확인하라. 기업의 비전과 가치관에 대한 사고방식은 보통 수준이며, 경영진 및 상급자와의 소통은 보통이나, 구성원들과의 소통은 원활합니다. 이직 스트레스 요인으로 소통 관계가 있으며, 과몰입형 위험 성향이 감지되어 우려됩니다. 종합적으로, 장기 재직 가능성은 불확실합니다."
"피검사자는 기업의 핵심 비전 키워드인 '창조'에서 기업과 완벽하게 일치하여 긍정적인 평가를 받을 수 있습니다. 그러나 '도전'과 '혁신'에서는 기업의 기대치에 비해 다소 낮은 점수를 보이고 있어, 이 부분에서의 추가적인 발전이 필요할 것으로 보입니다. 특히 '혁신'에서의 차이는 기업의 비전과의 정렬에 있어 중요한 요소로 작용할 수 있습니다. '사회공헌'과 '전문성'에서도 기업의 기대치에 미치지 못하고 있어, 이러한 부분에서의 개선이 필요합니다. 결론적으로, 피검사자와 기업 간 비전 fit은 검토가 필요합니다.","피검사자는 기업의 촉진자형, 분석형, 조력자형, 논리형, 협력형, 겸손형 업무 스타일과 비교했을 때 전반적으로 낮은 수준을 보이고 있습니다. 특히 조력자형과 논리형에서 기업의 기대치와 차이가 있으며, 협력형에서는 상대적으로 조금 더 높은 성향을 보입니다. 이러한 차이는 기업의 업무 환경에 적응하는 데 있어 추가적인 노력이 필요할 수 있음을 시사합니다. 피검사자와 기업 간 업무 성향 fit은 검토가 필요합니다.","피검사자는 입사 후 적응 기간이 짧아 빠르게 업무에 적응할 수 있을 것으로 보이나, 타 팀 및 구성원과의 협업에서 어려움을 겪을 가능성이 높아 보입니다. 경영진 및 상급자와의 소통은 보통 수준이나, 기업의 일하는 방식과는 부합하지 않아 조기 퇴사 가능성이 보통으로 평가됩니다. 소통 관계에서 이직 스트레스 요인이 있으며, 과몰입형 위험 성향이 감지되어 우려됩니다. 갈등 유발 요인을 확인하라. 종합적으로, 피검사자는 조직 내에서의 장기 재직 가능성은 낮아 보입니다."
"피검사자는 기업의 핵심 비전 키워드인 '창조'에서 기업과 완벽하게 일치하여 긍정적인 평가를 받을 수 있습니다. 그러나 '도전'과 '혁신'에서는 기업의 기대치에 비해 다소 낮은 점수를 보이고 있어, 이 부분에서의 추가적인 발전이 필요할 것으로 보입니다. 특히 '혁신'에서의 차이는 기업의 비전과의 정렬에 있어 중요한 요소로 작용할 수 있습니다. '사회공헌'과 '전문성'에서도 기업의 기대치에 비해 낮은 점수를 보이고 있어, 이 부분에 대한 개선이 필요합니다. 피검사자와 기업 간 비전 fit은 검토가 필요합니다.","피검사자는 기업의 촉진자형, 분석형, 조력자형, 논리형, 겸손형에서 기업의 기대치보다 낮은 성향을 보이고 있습니다. 협력형에서는 상대적으로 더 높은 성향을 보여 협력적인 업무 환경에서 긍정적인 기여를 할 수 있을 것으로 보입니다. 그러나 전반적으로 기업의 업무 스타일과의 차이가 있어 추가적인 검토가 필요합니다. 피검사자와 기업 간 업무 성향 fit은 검토 필요입니다.","피검사자는 입사 후 적응 기간이 짧아 빠르게 업무에 적응할 수 있을 것으로 보이나, 타 팀 및 구성원과의 협업에서 어려움을 겪을 가능성이 높습니다. 경영진 및 상급자와의 소통은 보통 수준이며, 기업의 일하는 방식과는 부합하지 않는 경향이 있습니다. 소통 관계에서 이직 스트레스 요인이 존재하며, 과몰입형 위험 성향이 감지되어 우려됩니다. 갈등 유발 요인을 확인하라. 종합적으로 장기 재직 가능성은 낮아 보입니다."
"피검사자는 기업의 핵심 비전 키워드인 '창조'에서 기업과 완벽하게 일치하여 긍정적인 평가를 받을 수 있습니다. 그러나 '도전'과 '혁신'에서는 기업의 기대치에 비해 다소 낮은 점수를 보이고 있어, 이 부분에서의 추가적인 발전이 필요할 것으로 보입니다. 특히 '혁신'에서의 차이는 기업의 비전과의 정렬에 있어 중요한 요소로 작용할 수 있습니다. '사회공헌'과 '전문성'에서도 기업의 기대치에 미치지 못하고 있어, 이 부분에 대한 관심과 노력이 요구됩니다. 결론적으로, 피검사자와 기업 간 비전 fit은 검토가 필요합니다.","피검사자는 협력형 부문에서 기업의 업무 스타일과 비교적 가까운 모습을 보이며, 이는 팀워크와 협업에서 긍정적인 기여를 할 수 있음을 시사합니다. 그러나 촉진자형, 분석형, 조력자형, 논리형, 겸손형에서는 기업의 기대치와 다소 차이가 있어 추가적인 조정이 필요할 수 있습니다. 전반적으로, 피검사자와 기업 간 업무 성향 fit은 검토가 필요합니다.","피검사자는 입사 후 적응 기간이 짧아 빠르게 업무에 적응할 수 있으나, 타 팀 및 구성원과의 협업이 원활하지 않아 갈등 유발 요인을 확인하라. 기업의 비전과 가치관에 대한 사고방식은 보통 수준이며, 경영진 및 상급자와의 소통은 보통이나, 구성원들과의 소통은 원활합니다. 이직 스트레스 요인으로 소통 관계가 있으며, 과몰입형 위험 성향이 감지되어 우려됩니다. 종합적으로, 장기 재직 가능성은 불확실합니다."
