iteration,response
1,"기업은 전문성, 성과, 사회공헌을 중요시하며, 피검사자는 창조, 열정, 혁신에 높은 가치를 두고 있습니다. 피검사자는 사회공헌에 대한 관심이 기업과 유사하여 긍정적으로 평가됩니다. 그러나 전문성에 대한 피검사자의 관심이 상대적으로 낮아 우려가 있을 수 있습니다. 반면, 피검사자는 성과에 대한 관심이 기업보다 낮지만, 창조와 열정에서 높은 점수를 보이며 기업에 추가적인 가치를 제공할 가능성이 있습니다. 전반적으로 피검사자와 기업간 비전 fit은 보통입니다."
2,"기업은 전문성, 성과, 사회공헌을 중요시하며, 피검사자는 창조, 열정, 혁신에 높은 가치를 두고 있습니다. 피검사자는 사회공헌에 대한 관심이 기업과 유사하며, 이는 긍정적으로 평가됩니다. 그러나 전문성에 대한 피검사자의 관심이 상대적으로 낮아 우려가 있을 수 있습니다. 또한, 성과에 대한 피검사자의 관심이 기업보다 낮지만, 창조와 열정에서 높은 점수를 보이며 기업에 추가적인 가치를 제공할 가능성이 있습니다. 전반적으로 피검사자와 기업간 비전 fit은 보통입니다."
3,"기업은 전문성, 성과, 사회공헌을 중요시하며, 피검사자는 창조, 열정, 혁신에 높은 가치를 두고 있습니다. 피검사자는 사회공헌에 대한 관심이 기업과 유사하여 긍정적으로 평가됩니다. 그러나 전문성에 대한 피검사자의 관심이 상대적으로 낮아 우려가 있을 수 있습니다. 반면, 피검사자는 성과에 대한 관심이 기업보다 낮지만, 창조와 열정에서 높은 점수를 보이며 기업에 추가적인 가치를 제공할 가능성이 있습니다. 전반적으로 피검사자와 기업간 비전 fit은 보통입니다."
4,"기업은 전문성, 성과, 사회공헌을 중요시하며, 피검사자는 창조, 열정, 혁신에 높은 가치를 두고 있습니다. 피검사자는 사회공헌에 대한 관심이 기업과 유사하여 긍정적으로 평가됩니다. 그러나 전문성에 대한 피검사자의 관심이 상대적으로 낮아 우려가 있을 수 있습니다. 반면, 피검사자는 성과에 대한 관심이 기업보다 낮지만, 창조와 열정에서 높은 점수를 보이며 기업에 추가적인 가치를 제공할 가능성이 있습니다. 전반적으로 피검사자와 기업간 비전 fit은 보통입니다."
5,"기업은 전문성, 성과, 사회공헌을 중요시하며, 피검사자는 창조, 열정, 혁신에 높은 가치를 두고 있습니다. 피검사자는 사회공헌에 대한 관심이 기업과 유사하며, 이는 긍정적으로 평가됩니다. 그러나 전문성에 대한 피검사자의 관심이 상대적으로 낮아 우려가 있을 수 있습니다. 반면, 피검사자는 성과에 대한 관심이 기업보다 낮지만, 창조와 열정에서 높은 점수를 보이며 기업에 추가적인 가치를 제공할 가능성이 있습니다. 전반적으로 피검사자와 기업간 비전 fit은 보통입니다."
6,"기업은 전문성, 성과, 사회공헌을 중요시하며, 피검사자는 창조, 열정, 혁신에 높은 가치를 두고 있습니다. 피검사자는 사회공헌에 대한 관심이 기업과 유사하며, 이는 긍정적으로 평가됩니다. 그러나 전문성에 대한 피검사자의 관심이 상대적으로 낮아 우려가 있을 수 있습니다. 반면, 피검사자는 성과에 대한 관심이 기업보다 낮지만, 창조와 열정에서 높은 점수를 보이며 기업에 추가적인 가치를 제공할 가능성이 있습니다. 전반적으로 피검사자와 기업간 비전 fit은 보통입니다."
7,"기업은 전문성, 성과, 사회공헌을 중요시하며, 피검사자는 창조, 열정, 혁신에 높은 가치를 두고 있습니다. 피검사자는 사회공헌에 대한 관심이 기업과 유사하며, 이는 긍정적으로 평가됩니다. 그러나 전문성에 대한 피검사자의 관심이 상대적으로 낮아 우려가 있을 수 있습니다. 반면, 피검사자는 성과에 대한 관심이 기업보다 낮지만, 창조와 열정에서 높은 점수를 보이며 기업에 추가적인 가치를 제공할 가능성이 있습니다. 전반적으로 피검사자와 기업간 비전 fit은 보통입니다."
8,"기업은 전문성, 성과, 사회공헌을 중요시하며, 피검사자는 창조, 열정, 혁신에 높은 가치를 두고 있습니다. 피검사자는 사회공헌에 대한 관심이 기업과 유사하며, 이는 긍정적으로 평가됩니다. 그러나 전문성에 대한 피검사자의 관심이 상대적으로 낮아 우려가 있을 수 있습니다. 또한, 성과에 대한 피검사자의 관심이 기업보다 낮지만, 창조와 열정에서 높은 점수를 보이며 기업에 추가적인 가치를 제공할 가능성이 있습니다. 전반적으로 피검사자와 기업간 비전 fit은 보통입니다."
9,"기업은 전문성, 성과, 사회공헌을 중요시하며, 피검사자는 창조, 열정, 혁신에 높은 가치를 두고 있습니다. 피검사자는 사회공헌에 대한 관심이 기업과 유사하며, 이는 긍정적으로 평가됩니다. 그러나 전문성에 대한 피검사자의 관심이 상대적으로 낮아 우려가 있을 수 있습니다. 반면, 피검사자는 성과에 대한 관심이 기업보다 낮지만, 창조와 열정에서 높은 점수를 보이며 기업에 추가적인 가치를 제공할 가능성이 있습니다. 전반적으로 피검사자와 기업간 비전 fit은 보통입니다."
10,"기업은 전문성, 성과, 사회공헌을 중요시하며, 피검사자는 창조, 열정, 혁신에 높은 가치를 두고 있습니다. 피검사자는 사회공헌에 대한 관심이 기업과 유사하여 긍정적으로 평가됩니다. 그러나 전문성에 대한 피검사자의 관심이 상대적으로 낮아 우려가 있을 수 있습니다. 반면, 피검사자는 성과에 대한 관심이 기업보다 낮지만, 창조와 열정에서 높은 점수를 보이며 기업에 추가적인 가치를 제공할 가능성이 있습니다. 전반적으로 피검사자와 기업간 비전 fit은 보통입니다."
11,"기업은 전문성, 성과, 사회공헌을 중요시하며, 피검사자는 창조, 열정, 혁신에 높은 가치를 두고 있습니다. 피검사자는 사회공헌에 대한 관심이 기업과 유사하며, 이는 긍정적으로 평가됩니다. 그러나 전문성에 대한 피검사자의 관심이 상대적으로 낮아 우려가 있을 수 있습니다. 반면, 피검사자는 성과에 대한 관심이 기업보다 낮지만, 창조와 열정에서 높은 점수를 보이며 기업에 추가적인 가치를 제공할 가능성이 있습니다. 전반적으로 피검사자와 기업간 비전 fit은 보통입니다."
12,"기업은 전문성, 성과, 사회공헌을 중요시하며, 피검사자는 창조, 열정, 혁신에 높은 가치를 두고 있습니다. 피검사자는 사회공헌에 대한 관심이 기업과 유사하며, 이는 긍정적으로 평가됩니다. 그러나 전문성에 대한 피검사자의 관심이 상대적으로 낮아 우려가 있을 수 있습니다. 또한, 성과에 대한 피검사자의 관심이 기업보다 낮지만, 창조와 열정에서 높은 점수를 보이며 기업에 추가적인 가치를 제공할 가능성이 있습니다. 전반적으로 피검사자와 기업간 비전 fit은 보통입니다."
13,"기업은 전문성, 성과, 사회공헌을 중요시하며, 피검사자는 창조, 열정, 혁신에 높은 가치를 두고 있습니다. 피검사자는 사회공헌에 대한 관심이 기업과 유사하며, 이는 긍정적으로 평가됩니다. 그러나 전문성에 대한 피검사자의 관심이 상대적으로 낮아 우려가 있을 수 있습니다. 반면, 피검사자는 성과에 대한 관심이 기업보다 낮지만, 창조와 열정에서 높은 점수를 보이며 기업에 추가적인 가치를 제공할 가능성이 있습니다. 전반적으로 피검사자와 기업간 비전 fit은 보통입니다."
14,"기업은 전문성, 성과, 사회공헌을 중요시하며, 피검사자는 창조, 열정, 혁신에 높은 가치를 두고 있습니다. 피검사자는 사회공헌에 대한 관심이 기업과 유사하며, 이는 긍정적으로 평가됩니다. 그러나 전문성에 대한 피검사자의 관심이 상대적으로 낮아 우려가 있을 수 있습니다. 반면, 피검사자는 성과에 대한 관심이 기업보다 낮지만, 창조와 열정에서 높은 점수를 보이며 기업에 추가적인 가치를 제공할 가능성이 있습니다. 전반적으로 피검사자와 기업간 비전 fit은 보통입니다."
15,"기업은 전문성, 성과, 사회공헌을 중요시하며, 피검사자는 창조, 열정, 혁신에 높은 가치를 두고 있습니다. 피검사자는 사회공헌에 대한 관심이 기업과 유사하며, 이는 긍정적으로 평가됩니다. 그러나 전문성에 대한 피검사자의 관심이 상대적으로 낮아 우려가 있을 수 있습니다. 반면, 피검사자는 성과에 대한 관심이 기업보다 낮지만, 창조와 열정에서 높은 점수를 보이며 기업에 추가적인 가치를 제공할 가능성이 있습니다. 전반적으로 피검사자와 기업간 비전 fit은 보통입니다."
16,"기업은 전문성, 성과, 사회공헌을 중요시하며, 피검사자는 창조, 열정, 혁신에 높은 가치를 두고 있습니다. 피검사자는 사회공헌에 대한 관심이 기업과 유사하며, 이는 긍정적으로 평가됩니다. 그러나 전문성에 대한 피검사자의 관심이 상대적으로 낮아 우려가 있을 수 있습니다. 반면, 피검사자는 성과에 대한 관심이 기업보다 낮지만, 창조와 열정에서 높은 점수를 보이며 기업에 추가적인 가치를 제공할 가능성이 있습니다. 전반적으로 피검사자와 기업간 비전 fit은 보통입니다."
17,"기업은 전문성, 성과, 사회공헌을 중요시하며, 피검사자는 창조, 열정, 혁신에 높은 가치를 두고 있습니다. 피검사자는 사회공헌에 대한 관심이 기업과 유사하며, 이는 긍정적으로 평가됩니다. 그러나 전문성에 대한 피검사자의 관심이 상대적으로 낮아 우려가 있을 수 있습니다. 또한, 성과에 대한 피검사자의 관심이 기업보다 낮지만, 창조와 열정에서 높은 점수를 보이며 기업에 추가적인 가치를 제공할 가능성이 있습니다. 전반적으로 피검사자와 기업간 비전 fit은 보통입니다."
18,"기업은 전문성, 성과, 사회공헌을 중요시하며, 피검사자는 창조, 열정, 혁신에 높은 가치를 두고 있습니다. 피검사자는 사회공헌에 대한 관심이 기업과 유사하여 긍정적으로 평가됩니다. 그러나 전문성에 대한 피검사자의 관심이 상대적으로 낮아 우려가 있을 수 있습니다. 반면, 피검사자는 성과에 대한 관심이 기업보다 낮지만, 창조와 열정에서 높은 점수를 보이며 기업에 추가적인 가치를 제공할 가능성이 있습니다. 전반적으로 피검사자와 기업간 비전 fit은 보통입니다."
19,"기업은 전문성, 성과, 사회공헌을 중요시하며, 피검사자는 창조, 열정, 혁신에 높은 가치를 두고 있습니다. 피검사자는 사회공헌에 대한 관심이 기업과 유사하며, 이는 긍정적으로 평가됩니다. 그러나 전문성에 대한 피검사자의 관심이 상대적으로 낮아 우려가 있을 수 있습니다. 반면, 피검사자는 성과에 대한 관심이 기업보다 낮지만, 창조와 열정에서 높은 점수를 보이며 기업에 추가적인 가치를 제공할 가능성이 있습니다. 전반적으로 피검사자와 기업간 비전 fit은 보통입니다."
20,"기업은 전문성, 성과, 사회공헌을 중요시하며, 피검사자는 창조, 열정, 혁신에 높은 가치를 두고 있습니다. 피검사자는 사회공헌에 대한 관심이 기업과 유사하여 긍정적으로 평가됩니다. 그러나 전문성에 대한 피검사자의 관심이 상대적으로 낮아 우려가 있을 수 있습니다. 반면, 피검사자는 성과에 대한 관심이 기업보다 낮지만, 창조와 열정에서 높은 점수를 보이며 기업에 추가적인 가치를 제공할 가능성이 있습니다. 전반적으로 피검사자와 기업간 비전 fit은 보통입니다."
21,"기업은 전문성, 성과, 사회공헌을 중요시하며, 피검사자는 창조, 열정, 혁신에 높은 가치를 두고 있습니다. 피검사자는 사회공헌에 대한 관심이 기업과 유사하며, 이는 긍정적으로 평가됩니다. 그러나 전문성에 대한 피검사자의 관심이 상대적으로 낮아 우려가 있을 수 있습니다. 반면, 피검사자는 성과에 대한 관심이 기업보다 낮지만, 창조와 열정에서 높은 점수를 보이며 기업에 추가적인 가치를 제공할 가능성이 있습니다. 전반적으로 피검사자와 기업간 비전 fit은 보통입니다."
22,"기업은 전문성, 성과, 사회공헌을 중요시하며, 피검사자는 창조, 열정, 혁신에 높은 가치를 두고 있습니다. 피검사자는 사회공헌에 대한 관심이 기업과 유사하며, 이는 긍정적으로 평가됩니다. 그러나 전문성에 대한 피검사자의 관심이 상대적으로 낮아 우려가 있을 수 있습니다. 반면, 피검사자는 성과에 대한 관심이 기업보다 낮지만, 창조와 열정에서 높은 점수를 보이며 기업에 추가적인 가치를 제공할 가능성이 있습니다. 전반적으로 피검사자와 기업간 비전 fit은 보통입니다."
23,"기업은 전문성, 성과, 사회공헌을 중요시하며, 피검사자는 창조, 열정, 혁신에 높은 가치를 두고 있습니다. 피검사자는 사회공헌에 대한 관심이 기업과 유사하며, 이는 긍정적으로 평가됩니다. 그러나 전문성에 대한 피검사자의 관심이 상대적으로 낮아 우려가 있을 수 있습니다. 또한, 성과에 대한 피검사자의 관심이 기업보다 낮지만, 창조와 열정에서 높은 점수를 보이며 기업에 추가적인 가치를 제공할 가능성이 있습니다. 전반적으로 피검사자와 기업간 비전 fit은 보통입니다."
24,"기업은 전문성, 성과, 사회공헌을 중요시하며, 피검사자는 창조, 열정, 혁신에 높은 가치를 두고 있습니다. 피검사자는 사회공헌에 대한 관심이 기업과 유사하며, 이는 긍정적으로 평가됩니다. 그러나 전문성에 대한 피검사자의 관심이 상대적으로 낮아 우려가 있을 수 있습니다. 반면, 피검사자는 성과에 대한 관심이 기업보다 낮지만, 창조와 열정에서 높은 점수를 보이며 기업에 추가적인 가치를 제공할 가능성이 있습니다. 전반적으로 피검사자와 기업간 비전 fit은 보통입니다."
25,"기업은 전문성, 성과, 사회공헌을 중요시하며, 피검사자는 창조, 열정, 혁신에 높은 가치를 두고 있습니다. 피검사자는 사회공헌에 대한 관심이 기업과 유사하며, 이는 긍정적으로 평가됩니다. 그러나 전문성에 대한 피검사자의 관심이 상대적으로 낮아 우려가 있을 수 있습니다. 또한, 성과에 대한 피검사자의 관심이 기업보다 낮지만, 창조와 열정에서 높은 점수를 보이며 기업에 추가적인 가치를 제공할 가능성이 있습니다. 전반적으로 피검사자와 기업간 비전 fit은 보통입니다."
26,"기업은 전문성, 성과, 사회공헌을 중요시하며, 피검사자는 창조, 열정, 혁신에 높은 가치를 두고 있습니다. 피검사자는 사회공헌에 대한 관심이 기업과 유사하여 긍정적으로 평가됩니다. 그러나 전문성에 대한 피검사자의 관심이 상대적으로 낮아 우려가 있을 수 있습니다. 반면, 피검사자는 성과에 대한 관심이 기업보다 낮지만, 창조와 열정에서 높은 점수를 보이며 기업에 추가적인 가치를 제공할 가능성이 있습니다. 전반적으로 피검사자와 기업간 비전 fit은 보통입니다."
27,"기업은 전문성, 성과, 사회공헌을 중요시하며, 피검사자는 창조, 열정, 혁신에 높은 가치를 두고 있습니다. 피검사자는 사회공헌에 대한 관심이 기업과 유사하며, 이는 긍정적으로 평가됩니다. 그러나 전문성에 대한 피검사자의 관심이 상대적으로 낮아 우려가 있을 수 있습니다. 반면, 피검사자는 성과에 대한 관심이 기업보다 낮지만, 창조와 열정에서 높은 점수를 보이며 기업에 추가적인 가치를 제공할 가능성이 있습니다. 전반적으로 피검사자와 기업간 비전 fit은 보통입니다."
28,"기업은 전문성, 성과, 사회공헌을 중요시하며, 피검사자는 창조, 열정, 혁신에 높은 가치를 두고 있습니다. 피검사자는 사회공헌에 대한 관심이 기업과 유사하며, 이는 긍정적으로 평가됩니다. 그러나 전문성에 대한 피검사자의 관심이 상대적으로 낮아 우려가 있을 수 있습니다. 반면, 피검사자는 성과에 대한 관심이 기업보다 낮지만, 창조와 열정에서 높은 점수를 보이며 기업에 추가적인 가치를 제공할 가능성이 있습니다. 전반적으로 피검사자와 기업간 비전 fit은 보통입니다."
29,"기업은 전문성, 성과, 사회공헌을 중요시하며, 피검사자는 창조, 열정, 혁신에 높은 가치를 두고 있습니다. 피검사자는 사회공헌에 대한 관심이 기업과 유사하며, 이는 긍정적으로 평가됩니다. 그러나 전문성에 대한 피검사자의 관심이 상대적으로 낮아 우려가 있을 수 있습니다. 반면, 피검사자는 성과에 대한 관심이 기업보다 낮지만, 창조와 열정에서 높은 점수를 보이며 기업에 추가적인 가치를 제공할 가능성이 있습니다. 전반적으로 피검사자와 기업간 비전 fit은 보통입니다."
30,"기업은 전문성, 성과, 사회공헌을 중요시하며, 피검사자는 창조, 열정, 혁신에 높은 가치를 두고 있습니다. 피검사자는 사회공헌에 대한 관심이 기업과 유사하여 긍정적으로 평가됩니다. 그러나 전문성에 대한 피검사자의 관심이 상대적으로 낮아 우려가 있을 수 있습니다. 반면, 피검사자는 성과에 대한 관심이 기업보다 낮지만, 창조와 열정에서 높은 점수를 보이며 기업에 추가적인 가치를 제공할 가능성이 있습니다. 전반적으로 피검사자와 기업간 비전 fit은 보통입니다."
31,"기업은 전문성, 성과, 사회공헌을 중요시하며, 피검사자는 창조, 열정, 혁신에 높은 가치를 두고 있습니다. 피검사자는 사회공헌에 대한 관심이 기업과 유사하여 긍정적으로 평가됩니다. 그러나 전문성에 대한 피검사자의 관심이 상대적으로 낮아 우려가 있을 수 있습니다. 반면, 피검사자는 성과에 대한 관심이 기업보다 낮지만, 창조와 열정에서 높은 점수를 보이며 기업에 추가적인 가치를 제공할 가능성이 있습니다. 전반적으로 피검사자와 기업간 비전 fit은 보통입니다."
32,"기업은 전문성, 성과, 사회공헌을 중요시하며, 피검사자는 창조, 열정, 혁신에 높은 가치를 두고 있습니다. 피검사자는 사회공헌에 대한 관심이 기업과 유사하며, 이는 긍정적으로 평가됩니다. 그러나 전문성에 대한 피검사자의 관심이 상대적으로 낮아 우려가 있을 수 있습니다. 반면, 피검사자는 성과에 대한 관심이 기업보다 낮지만, 창조와 열정에서 높은 점수를 보이며 기업에 추가적인 가치를 제공할 가능성이 있습니다. 전반적으로 피검사자와 기업간 비전 fit은 보통입니다."
33,"기업은 전문성, 성과, 사회공헌을 중요시하며, 피검사자는 창조, 열정, 혁신에 높은 가치를 두고 있습니다. 피검사자는 사회공헌에 대한 관심이 기업과 유사하며, 이는 긍정적으로 평가됩니다. 그러나 전문성에 대한 피검사자의 관심이 상대적으로 낮아 우려가 있을 수 있습니다. 또한, 성과에 대한 피검사자의 관심이 기업보다 낮지만, 창조와 열정에서 높은 점수를 보이며 기업에 추가적인 가치를 제공할 가능성이 있습니다. 전반적으로 피검사자와 기업간 비전 fit은 보통입니다."
34,"기업은 전문성, 성과, 사회공헌을 중요시하며, 피검사자는 창조, 열정, 혁신에 높은 가치를 두고 있습니다. 피검사자는 사회공헌에 대한 관심이 기업과 유사하며, 이는 긍정적으로 평가됩니다. 그러나 전문성에 대한 피검사자의 관심이 상대적으로 낮아 우려가 있을 수 있습니다. 또한, 성과에 대한 피검사자의 관심이 기업보다 낮지만, 창조와 열정에서 높은 점수를 보이며 기업에 추가적인 가치를 제공할 가능성이 있습니다. 전반적으로 피검사자와 기업간 비전 fit은 보통입니다."
35,"기업은 전문성, 성과, 사회공헌을 중요시하며, 피검사자는 창조, 열정, 혁신에 높은 가치를 두고 있습니다. 피검사자는 사회공헌에 대한 관심이 기업과 유사하며, 이는 긍정적으로 평가됩니다. 그러나 전문성에 대한 피검사자의 관심이 상대적으로 낮아 우려가 있을 수 있습니다. 또한, 성과에 대한 피검사자의 관심이 기업보다 낮지만, 창조와 열정에서 높은 점수를 보이며 기업에 추가적인 가치를 제공할 가능성이 있습니다. 전반적으로 피검사자와 기업간 비전 fit은 보통입니다."
36,"기업은 전문성, 성과, 사회공헌을 중요시하며, 피검사자는 창조, 열정, 혁신에 높은 가치를 두고 있습니다. 피검사자는 사회공헌에 대한 관심이 기업과 유사하여 긍정적으로 평가됩니다. 그러나 전문성에 대한 피검사자의 관심이 상대적으로 낮아 우려가 있을 수 있습니다. 반면, 피검사자는 성과에 대한 관심이 기업보다 낮지만, 창조와 열정에서 높은 점수를 보이며 기업에 추가적인 가치를 제공할 가능성이 있습니다. 전반적으로 피검사자와 기업간 비전 fit은 보통입니다."
37,"기업은 전문성, 성과, 사회공헌을 중요시하며, 피검사자는 창조, 열정, 혁신에 높은 가치를 두고 있습니다. 피검사자는 사회공헌에 대한 관심이 기업과 유사하며, 이는 긍정적으로 평가됩니다. 그러나 전문성에 대한 피검사자의 관심이 상대적으로 낮아 우려가 있을 수 있습니다. 또한, 성과에 대한 피검사자의 점수가 기업보다 낮지만, 창조와 열정에서 높은 점수를 보이며 기업에 추가적인 가치를 제공할 가능성이 있습니다. 전반적으로 피검사자와 기업간 비전 fit은 보통입니다."
38,"기업은 전문성, 성과, 사회공헌을 중요시하며, 피검사자는 창조, 열정, 혁신에 높은 가치를 두고 있습니다. 피검사자는 사회공헌에 대한 관심이 기업과 유사하며, 이는 긍정적으로 평가됩니다. 그러나 전문성에 대한 피검사자의 관심이 상대적으로 낮아 우려가 있을 수 있습니다. 또한, 성과에 대한 피검사자의 관심이 기업보다 낮지만, 창조와 열정에서 높은 점수를 보이며 기업에 추가적인 가치를 제공할 가능성이 있습니다. 전반적으로 피검사자와 기업간 비전 fit은 보통입니다."
39,"기업은 전문성, 성과, 사회공헌을 중요시하며, 피검사자는 창조, 열정, 혁신에 높은 가치를 두고 있습니다. 피검사자는 사회공헌에 대한 관심이 기업과 유사하며, 이는 긍정적으로 평가됩니다. 그러나 전문성에 대한 피검사자의 관심이 상대적으로 낮아 우려가 있을 수 있습니다. 반면, 피검사자는 성과에 대한 관심이 기업보다 낮지만, 창조와 열정에서 높은 점수를 보이며 기업에 추가적인 가치를 제공할 가능성이 있습니다. 전반적으로 피검사자와 기업간 비전 fit은 보통입니다."
40,"기업은 전문성, 성과, 사회공헌을 중요시하며, 피검사자는 창조, 열정, 혁신에 높은 가치를 두고 있습니다. 피검사자는 사회공헌에 대한 관심이 기업과 유사하여 긍정적으로 평가됩니다. 그러나 전문성에 대한 피검사자의 관심이 상대적으로 낮아 우려가 있을 수 있습니다. 반면, 피검사자는 성과에 대한 관심이 기업보다 낮지만, 창조와 열정에서 높은 점수를 보이며 기업에 추가적인 가치를 제공할 가능성이 있습니다. 전반적으로 피검사자와 기업간 비전 fit은 보통입니다."
41,"기업은 전문성, 성과, 사회공헌을 중요시하며, 피검사자는 창조, 열정, 혁신에 높은 가치를 두고 있습니다. 피검사자는 사회공헌에 대한 관심이 기업과 유사하며, 이는 긍정적으로 평가됩니다. 그러나 전문성에 대한 피검사자의 관심이 상대적으로 낮아 우려가 있을 수 있습니다. 반면, 피검사자는 성과에 대한 관심이 기업보다 낮지만, 창조와 열정에서 높은 점수를 보이며 기업에 추가적인 가치를 제공할 가능성이 있습니다. 전반적으로 피검사자와 기업간 비전 fit은 보통입니다."
42,"기업은 전문성, 성과, 사회공헌을 중요시하며, 피검사자는 창조, 열정, 혁신에 높은 가치를 두고 있습니다. 피검사자는 사회공헌에 대한 관심이 기업과 유사하며, 이는 긍정적으로 평가됩니다. 그러나 전문성에 대한 피검사자의 관심이 상대적으로 낮아 우려가 있을 수 있습니다. 반면, 피검사자는 성과에 대한 관심이 기업보다 낮지만, 창조와 열정에서 높은 점수를 보이며 기업에 추가적인 가치를 제공할 가능성이 있습니다. 전반적으로 피검사자와 기업간 비전 fit은 보통입니다."
43,"기업은 전문성, 성과, 사회공헌을 중요시하며, 피검사자는 창조, 열정, 혁신에 높은 가치를 두고 있습니다. 피검사자는 사회공헌에 대한 관심이 기업과 유사하며, 이는 긍정적으로 평가됩니다. 그러나 전문성에 대한 피검사자의 관심이 상대적으로 낮아 우려가 있을 수 있습니다. 반면, 피검사자는 성과에 대한 관심이 기업보다 낮지만, 창조와 열정에서 높은 점수를 보이며 기업에 추가적인 가치를 제공할 가능성이 있습니다. 전반적으로 피검사자와 기업간 비전 fit은 보통입니다."
44,"기업은 전문성, 성과, 사회공헌을 중요시하며, 피검사자는 창조, 열정, 혁신에 높은 가치를 두고 있습니다. 피검사자는 사회공헌에 대한 관심이 기업과 유사하며, 이는 긍정적으로 평가됩니다. 그러나 전문성에 대한 피검사자의 관심이 상대적으로 낮아 우려가 있을 수 있습니다. 또한, 성과에 대한 피검사자의 관심이 기업보다 낮지만, 창조와 열정에서 높은 점수를 보이며 기업에 추가적인 가치를 제공할 가능성이 있습니다. 전반적으로 피검사자와 기업간 비전 fit은 보통입니다."
45,"기업은 전문성, 성과, 사회공헌을 중요시하며, 피검사자는 창조, 열정, 혁신에 높은 가치를 두고 있습니다. 피검사자는 사회공헌에 대한 관심이 기업과 유사하여 긍정적으로 평가됩니다. 그러나 전문성에 대한 피검사자의 관심이 상대적으로 낮아 우려가 있을 수 있습니다. 반면, 피검사자는 성과에 대한 관심이 기업보다 낮지만, 창조와 열정에서 높은 점수를 보이며 기업에 추가적인 가치를 제공할 가능성이 있습니다. 전반적으로 피검사자와 기업간 비전 fit은 보통입니다."
46,"기업은 전문성, 성과, 사회공헌을 중요시하며, 피검사자는 창조, 열정, 혁신에 높은 가치를 두고 있습니다. 피검사자는 사회공헌에 대한 관심이 기업과 유사하며, 이는 긍정적으로 평가됩니다. 그러나 전문성에 대한 피검사자의 관심이 상대적으로 낮아 우려가 있을 수 있습니다. 반면, 피검사자는 성과에 대한 관심이 기업보다 낮지만, 창조와 열정에서 높은 점수를 보이며 기업에 추가적인 가치를 제공할 가능성이 있습니다. 전반적으로 피검사자와 기업간 비전 fit은 보통입니다."
47,"기업은 전문성, 성과, 사회공헌을 중요시하며, 피검사자는 창조, 열정, 혁신에 높은 가치를 두고 있습니다. 피검사자는 사회공헌에 대한 관심이 기업과 유사하며, 이는 긍정적으로 평가됩니다. 그러나 전문성에 대한 피검사자의 관심이 상대적으로 낮아 우려가 있을 수 있습니다. 또한, 성과에 대한 피검사자의 관심이 기업보다 낮지만, 창조와 열정에서 높은 점수를 보이며 기업에 추가적인 가치를 제공할 가능성이 있습니다. 전반적으로 피검사자와 기업간 비전 fit은 보통입니다."
48,"기업은 전문성, 성과, 사회공헌을 중요시하며, 피검사자는 창조, 열정, 혁신에 높은 가치를 두고 있습니다. 피검사자는 사회공헌에 대한 관심이 기업과 유사하여 긍정적으로 평가됩니다. 그러나 전문성에 대한 피검사자의 관심이 상대적으로 낮아 우려가 있을 수 있습니다. 반면, 피검사자는 성과에 대한 관심이 기업보다 낮지만, 창조와 열정에서 높은 점수를 보이며 기업에 추가적인 가치를 제공할 가능성이 있습니다. 전반적으로 피검사자와 기업간 비전 fit은 보통입니다."
49,"기업은 전문성, 성과, 사회공헌을 중요시하며, 피검사자는 창조, 열정, 혁신에 높은 가치를 두고 있습니다. 피검사자는 사회공헌에 대한 관심이 기업과 유사하며, 이는 긍정적으로 평가됩니다. 그러나 전문성에 대한 피검사자의 관심이 상대적으로 낮아 우려가 있을 수 있습니다. 반면, 피검사자는 성과에 대한 관심이 기업보다 낮지만, 창조와 열정에서 높은 점수를 보이며 기업에 추가적인 가치를 제공할 가능성이 있습니다. 전반적으로 피검사자와 기업간 비전 fit은 보통입니다."
50,"기업은 전문성, 성과, 사회공헌을 중요시하며, 피검사자는 창조, 열정, 혁신에 높은 가치를 두고 있습니다. 피검사자는 사회공헌에 대한 관심이 기업과 유사하며, 이는 긍정적으로 평가됩니다. 그러나 전문성에 대한 피검사자의 관심이 상대적으로 낮아 우려가 있을 수 있습니다. 반면, 피검사자는 성과에 대한 관심이 기업보다 낮지만, 창조와 열정에서 높은 점수를 보이며 기업에 추가적인 가치를 제공할 가능성이 있습니다. 전반적으로 피검사자와 기업간 비전 fit은 보통입니다."
51,"기업은 전문성, 성과, 사회공헌을 중요시하며, 피검사자는 창조, 열정, 혁신에 높은 가치를 두고 있습니다. 피검사자는 사회공헌에 대한 관심이 기업과 유사하며, 이는 긍정적으로 평가됩니다. 그러나 전문성에 대한 피검사자의 관심이 상대적으로 낮아 우려가 있을 수 있습니다. 반면, 피검사자는 성과에 대한 관심이 기업보다 낮지만, 창조와 열정에서 높은 점수를 보이며 기업에 추가적인 가치를 제공할 가능성이 있습니다. 전반적으로 피검사자와 기업간 비전 fit은 보통입니다."
52,"기업은 전문성, 성과, 사회공헌을 중요시하며, 피검사자는 창조, 열정, 혁신에 높은 가치를 두고 있습니다. 피검사자는 사회공헌에 대한 관심이 기업과 유사하며, 이는 긍정적으로 평가됩니다. 그러나 전문성에 대한 피검사자의 관심이 상대적으로 낮아 우려가 있을 수 있습니다. 반면, 피검사자는 성과에 대한 관심이 기업보다 낮지만, 창조와 열정에서 높은 점수를 보이며 기업에 추가적인 가치를 제공할 가능성이 있습니다. 전반적으로 피검사자와 기업간 비전 fit은 보통입니다."
53,"기업은 전문성, 성과, 사회공헌을 중요시하며, 피검사자는 창조, 열정, 혁신에 높은 가치를 두고 있습니다. 피검사자는 사회공헌에 대한 관심이 기업과 유사하며, 이는 긍정적으로 평가됩니다. 그러나 전문성에 대한 피검사자의 관심이 상대적으로 낮아 우려가 있을 수 있습니다. 반면, 피검사자는 성과에 대한 관심이 기업보다 낮지만, 창조와 열정에서 높은 점수를 보이며 기업에 추가적인 가치를 제공할 가능성이 있습니다. 전반적으로 피검사자와 기업간 비전 fit은 보통입니다."
54,"기업은 전문성, 성과, 사회공헌을 중요시하며, 피검사자는 창조, 열정, 혁신에 높은 가치를 두고 있습니다. 피검사자는 사회공헌에 대한 관심이 기업과 유사하며, 이는 긍정적으로 평가됩니다. 그러나 전문성에 대한 피검사자의 관심이 상대적으로 낮아 우려가 있을 수 있습니다. 반면, 피검사자는 성과에 대한 관심이 기업보다 낮지만, 창조와 열정에서 높은 점수를 보이며 기업에 추가적인 가치를 제공할 가능성이 있습니다. 전반적으로 피검사자와 기업간 비전 fit은 보통입니다."
55,"기업은 전문성, 성과, 사회공헌을 중요시하며, 피검사자는 창조, 열정, 혁신에 높은 가치를 두고 있습니다. 피검사자는 사회공헌에 대한 관심이 기업과 유사하며, 이는 긍정적으로 평가됩니다. 그러나 전문성에 대한 피검사자의 관심이 상대적으로 낮아 우려가 있을 수 있습니다. 반면, 피검사자는 성과에 대한 관심이 기업보다 낮지만, 창조와 열정에서 높은 점수를 보이며 기업에 추가적인 가치를 제공할 가능성이 있습니다. 전반적으로 피검사자와 기업간 비전 fit은 보통입니다."
56,"기업은 전문성, 성과, 사회공헌을 중요시하며, 피검사자는 창조, 열정, 혁신에 높은 가치를 두고 있습니다. 피검사자는 사회공헌에 대한 관심이 기업과 유사하며, 이는 긍정적으로 평가됩니다. 그러나 전문성에 대한 피검사자의 관심이 상대적으로 낮아 우려가 있을 수 있습니다. 반면, 피검사자는 성과에 대한 관심이 기업보다 낮지만, 창조와 열정에서 높은 점수를 보이며 기업에 추가적인 가치를 제공할 가능성이 있습니다. 전반적으로 피검사자와 기업간 비전 fit은 보통입니다."
57,"기업은 전문성, 성과, 사회공헌을 중요시하며, 피검사자는 창조, 열정, 혁신에 높은 가치를 두고 있습니다. 피검사자는 사회공헌에 대한 관심이 기업과 유사하며, 이는 긍정적으로 평가됩니다. 그러나 전문성에 대한 피검사자의 관심이 상대적으로 낮아 우려가 있을 수 있습니다. 또한, 성과에 대한 피검사자의 관심이 기업보다 낮지만, 창조와 열정에서 높은 점수를 보이며 기업에 추가적인 가치를 제공할 가능성이 있습니다. 전반적으로 피검사자와 기업간 비전 fit은 보통입니다."
58,"기업은 전문성, 성과, 사회공헌을 중요시하며, 피검사자는 창조, 열정, 혁신에 높은 가치를 두고 있습니다. 피검사자는 사회공헌에 대한 관심이 기업과 유사하며, 이는 긍정적으로 평가됩니다. 그러나 전문성에 대한 피검사자의 관심이 상대적으로 낮아 우려가 있을 수 있습니다. 또한, 성과에 대한 피검사자의 관심이 기업보다 낮지만, 창조와 열정에서 높은 점수를 보이며 기업에 추가적인 가치를 제공할 가능성이 있습니다. 전반적으로 피검사자와 기업간 비전 fit은 보통입니다."
59,"기업은 전문성, 성과, 사회공헌을 중요시하며, 피검사자는 창조, 열정, 혁신에 높은 가치를 두고 있습니다. 피검사자는 사회공헌에 대한 관심이 기업과 유사하며, 이는 긍정적으로 평가됩니다. 그러나 전문성에 대한 피검사자의 관심이 상대적으로 낮아 우려가 있을 수 있습니다. 반면, 피검사자는 성과에 대한 관심이 기업보다 낮지만, 창조와 열정에서 높은 점수를 보이며 기업에 추가적인 가치를 제공할 가능성이 있습니다. 전반적으로 피검사자와 기업간 비전 fit은 보통입니다."
60,"기업은 전문성, 성과, 사회공헌을 중요시하며, 피검사자는 창조, 열정, 혁신에 높은 가치를 두고 있습니다. 피검사자는 사회공헌에 대한 관심이 기업과 유사하며, 이는 긍정적으로 평가됩니다. 그러나 전문성에 대한 피검사자의 관심이 상대적으로 낮아 우려가 있을 수 있습니다. 또한, 성과에 대한 피검사자의 관심이 기업보다 낮지만, 창조와 열정에서 높은 점수를 보이며 기업에 추가적인 가치를 제공할 가능성이 있습니다. 전반적으로 피검사자와 기업간 비전 fit은 보통입니다."
61,"기업은 전문성, 성과, 사회공헌을 중요시하며, 피검사자는 창조, 열정, 혁신에 높은 가치를 두고 있습니다. 피검사자는 사회공헌에 대한 관심이 기업과 유사하며, 이는 긍정적으로 평가됩니다. 그러나 전문성에 대한 피검사자의 관심이 상대적으로 낮아 우려가 있을 수 있습니다. 반면, 피검사자는 성과에 대한 관심이 기업보다 낮지만, 창조와 열정에서 높은 점수를 보이며 기업에 추가적인 가치를 제공할 가능성이 있습니다. 전반적으로 피검사자와 기업간 비전 fit은 보통입니다."
62,"기업은 전문성, 성과, 사회공헌을 중요시하며, 피검사자는 창조, 열정, 혁신에 높은 가치를 두고 있습니다. 피검사자는 사회공헌에 대한 관심이 기업과 유사하며, 이는 긍정적으로 평가됩니다. 그러나 전문성에 대한 피검사자의 관심이 상대적으로 낮아 우려가 있을 수 있습니다. 또한, 성과에 대한 피검사자의 관심이 기업보다 낮지만, 창조와 열정에서 높은 점수를 보이며 기업에 추가적인 가치를 제공할 가능성이 있습니다. 전반적으로 피검사자와 기업간 비전 fit은 보통입니다."
63,"기업은 전문성, 성과, 사회공헌을 중요시하며, 피검사자는 창조, 열정, 혁신에 높은 가치를 두고 있습니다. 피검사자는 사회공헌에 대한 관심이 기업과 유사하며, 이는 긍정적으로 평가됩니다. 그러나 전문성에 대한 피검사자의 관심이 상대적으로 낮아 우려가 있을 수 있습니다. 반면, 피검사자는 성과에 대한 관심이 기업보다 낮지만, 창조와 열정에서 높은 점수를 보이며 기업에 추가적인 가치를 제공할 가능성이 있습니다. 전반적으로 피검사자와 기업간 비전 fit은 보통입니다."
64,"기업은 전문성, 성과, 사회공헌을 중요시하며, 피검사자는 창조, 열정, 혁신에 높은 가치를 두고 있습니다. 피검사자는 사회공헌에 대한 관심이 기업과 유사하여 긍정적으로 평가됩니다. 그러나 전문성에 대한 피검사자의 관심이 상대적으로 낮아 우려가 있을 수 있습니다. 반면, 피검사자는 성과에 대한 관심이 기업보다 낮지만, 창조와 열정에서 높은 점수를 보이며 기업에 추가적인 가치를 제공할 가능성이 있습니다. 전반적으로 피검사자와 기업간 비전 fit은 보통입니다."
65,"기업은 전문성, 성과, 사회공헌을 중요시하며, 피검사자는 창조, 열정, 혁신에 높은 가치를 두고 있습니다. 피검사자는 사회공헌에 대한 관심이 기업과 유사하며, 이는 긍정적으로 평가됩니다. 그러나 전문성에 대한 피검사자의 관심이 상대적으로 낮아 우려가 있을 수 있습니다. 또한, 성과에 대한 피검사자의 관심이 기업보다 낮지만, 창조와 열정에서 높은 점수를 보이며 기업에 추가적인 가치를 제공할 가능성이 있습니다. 전반적으로 피검사자와 기업간 비전 fit은 보통입니다."
66,"기업은 전문성, 성과, 사회공헌을 중요시하며, 피검사자는 창조, 열정, 혁신에 높은 가치를 두고 있습니다. 피검사자는 사회공헌에 대한 관심이 기업과 유사하여 긍정적으로 평가됩니다. 그러나 전문성에 대한 피검사자의 관심이 상대적으로 낮아 우려가 있을 수 있습니다. 반면, 피검사자는 성과에 대한 관심이 기업보다 낮지만, 창조와 열정에서 높은 점수를 보이며 기업에 추가적인 가치를 제공할 가능성이 있습니다. 전반적으로 피검사자와 기업간 비전 fit은 보통입니다."
67,"기업은 전문성, 성과, 사회공헌을 중요시하며, 피검사자는 창조, 열정, 혁신에 높은 가치를 두고 있습니다. 피검사자는 사회공헌에 대한 관심이 기업과 유사하여 긍정적으로 평가됩니다. 그러나 전문성에 대한 피검사자의 관심이 상대적으로 낮아 우려가 있을 수 있습니다. 반면, 피검사자는 성과에 대한 관심이 기업보다 낮지만, 창조와 열정에서 높은 점수를 보이며 기업에 추가적인 가치를 제공할 가능성이 있습니다. 전반적으로 피검사자와 기업간 비전 fit은 보통입니다."
68,"기업은 전문성, 성과, 사회공헌을 중요시하며, 피검사자는 창조, 열정, 혁신에 높은 가치를 두고 있습니다. 피검사자는 사회공헌에 대한 관심이 기업과 유사하며, 이는 긍정적으로 평가됩니다. 그러나 전문성에 대한 피검사자의 관심이 상대적으로 낮아 우려가 있을 수 있습니다. 반면, 피검사자는 성과에 대한 관심이 기업보다 낮지만, 창조와 열정에서 높은 점수를 보이며 기업에 추가적인 가치를 제공할 가능성이 있습니다. 전반적으로 피검사자와 기업간 비전 fit은 보통입니다."
69,"기업은 전문성, 성과, 사회공헌을 중요시하며, 피검사자는 창조, 열정, 혁신에 높은 가치를 두고 있습니다. 피검사자는 사회공헌에 대한 관심이 기업과 유사하며, 이는 긍정적으로 평가됩니다. 그러나 전문성에 대한 피검사자의 관심이 상대적으로 낮아 우려가 있을 수 있습니다. 반면, 피검사자는 성과에 대한 관심이 기업보다 낮지만, 창조와 열정에서 높은 점수를 보이며 기업에 추가적인 가치를 제공할 가능성이 있습니다. 전반적으로 피검사자와 기업간 비전 fit은 보통입니다."
70,"기업은 전문성, 성과, 사회공헌을 중요시하며, 피검사자는 창조, 열정, 혁신에 높은 가치를 두고 있습니다. 피검사자는 사회공헌에 대한 관심이 기업과 유사하여 긍정적으로 평가됩니다. 그러나 전문성에 대한 피검사자의 관심이 상대적으로 낮아 우려가 있을 수 있습니다. 반면, 피검사자는 성과에 대한 관심이 기업보다 낮지만, 창조와 열정에서 높은 점수를 보이며 기업에 추가적인 가치를 제공할 가능성이 있습니다. 전반적으로 피검사자와 기업간 비전 fit은 보통입니다."
71,"기업은 전문성, 성과, 사회공헌을 중요시하며, 피검사자는 창조, 열정, 혁신에 높은 가치를 두고 있습니다. 피검사자는 사회공헌에 대한 관심이 기업과 유사하며, 이는 긍정적으로 평가됩니다. 그러나 전문성에 대한 피검사자의 관심이 상대적으로 낮아 우려가 있을 수 있습니다. 또한, 성과에 대한 피검사자의 관심이 기업보다 낮지만, 창조와 열정에서 높은 점수를 보이며 기업에 추가적인 가치를 제공할 가능성이 있습니다. 전반적으로 피검사자와 기업간 비전 fit은 보통입니다."
72,"기업은 전문성, 성과, 사회공헌을 중요시하며, 피검사자는 창조, 열정, 혁신에 높은 가치를 두고 있습니다. 피검사자는 사회공헌에 대한 관심이 기업과 유사하며, 이는 긍정적으로 평가됩니다. 그러나 전문성에 대한 피검사자의 관심이 상대적으로 낮아 우려가 있을 수 있습니다. 또한, 성과에 대한 피검사자의 관심이 기업보다 낮지만, 창조와 열정에서 높은 점수를 보이며 기업에 추가적인 가치를 제공할 가능성이 있습니다. 전반적으로 피검사자와 기업간 비전 fit은 보통입니다."
73,"기업은 전문성, 성과, 사회공헌을 중요시하며, 피검사자는 창조, 열정, 혁신에 높은 가치를 두고 있습니다. 피검사자는 사회공헌에 대한 관심이 기업과 유사하며, 이는 긍정적으로 평가됩니다. 그러나 전문성에 대한 피검사자의 관심이 상대적으로 낮아 우려가 있을 수 있습니다. 반면, 피검사자는 성과에 대한 관심이 기업보다 낮지만, 창조와 열정에서 높은 점수를 보이며 기업에 추가적인 가치를 제공할 가능성이 있습니다. 전반적으로 피검사자와 기업간 비전 fit은 보통입니다."
74,"기업은 전문성, 성과, 사회공헌을 중요시하며, 피검사자는 창조, 열정, 혁신에 높은 가치를 두고 있습니다. 피검사자는 사회공헌에 대한 관심이 기업과 유사하며, 이는 긍정적으로 평가됩니다. 그러나 전문성에 대한 피검사자의 관심이 상대적으로 낮아 우려가 있을 수 있습니다. 반면, 피검사자는 성과에 대한 관심이 기업보다 낮지만, 창조와 열정에서 높은 점수를 보이며 기업에 추가적인 가치를 제공할 가능성이 있습니다. 전반적으로 피검사자와 기업간 비전 fit은 보통입니다."
75,"기업은 전문성, 성과, 사회공헌을 중요시하며, 피검사자는 창조, 열정, 혁신에 높은 가치를 두고 있습니다. 피검사자는 사회공헌에 대한 관심이 기업과 유사하며, 이는 긍정적으로 평가됩니다. 그러나 전문성에 대한 피검사자의 관심이 상대적으로 낮아 우려가 있을 수 있습니다. 또한, 성과에 대한 피검사자의 관심이 기업보다 낮지만, 창조와 열정에서 높은 점수를 보이며 기업에 추가적인 가치를 제공할 가능성이 있습니다. 전반적으로 피검사자와 기업간 비전 fit은 보통입니다."
76,"기업은 전문성, 성과, 사회공헌을 중요시하며, 피검사자는 창조, 열정, 혁신에 높은 가치를 두고 있습니다. 피검사자는 사회공헌에 대한 관심이 기업과 유사하며, 이는 긍정적으로 평가됩니다. 그러나 전문성에 대한 피검사자의 관심이 상대적으로 낮아 우려가 있을 수 있습니다. 반면, 피검사자는 성과에 대한 관심이 기업보다 낮지만, 창조와 열정에서 높은 점수를 보이며 기업에 추가적인 가치를 제공할 가능성이 있습니다. 전반적으로 피검사자와 기업간 비전 fit은 보통입니다."
77,"기업은 전문성, 성과, 사회공헌을 중요시하며, 피검사자는 창조, 열정, 혁신에 높은 가치를 두고 있습니다. 피검사자는 사회공헌에 대한 관심이 기업과 유사하며, 이는 긍정적으로 평가됩니다. 그러나 전문성에 대한 피검사자의 관심이 상대적으로 낮아 우려가 있을 수 있습니다. 반면, 피검사자는 성과에 대한 관심이 기업보다 낮지만, 창조와 열정에서 높은 점수를 보이며 기업에 추가적인 가치를 제공할 가능성이 있습니다. 전반적으로 피검사자와 기업간 비전 fit은 보통입니다."
78,"기업은 전문성, 성과, 사회공헌을 중요시하며, 피검사자는 창조, 열정, 혁신에 높은 가치를 두고 있습니다. 피검사자는 사회공헌에 대한 관심이 기업과 유사하며, 이는 긍정적으로 평가됩니다. 그러나 전문성에 대한 피검사자의 관심이 상대적으로 낮아 우려가 있을 수 있습니다. 반면, 피검사자는 성과에 대한 관심이 기업보다 낮지만, 창조와 열정에서 높은 점수를 보이며 기업에 추가적인 가치를 제공할 가능성이 있습니다. 전반적으로 피검사자와 기업간 비전 fit은 보통입니다."
79,"기업은 전문성, 성과, 사회공헌을 중요시하며, 피검사자는 창조, 열정, 혁신에 높은 가치를 두고 있습니다. 피검사자는 사회공헌에 대한 관심이 기업과 유사하며, 이는 긍정적으로 평가됩니다. 그러나 전문성에 대한 피검사자의 관심이 상대적으로 낮아 우려가 있을 수 있습니다. 또한, 성과에 대한 피검사자의 관심이 기업보다 낮지만, 창조와 열정에서 높은 점수를 보이며 기업에 추가적인 가치를 제공할 가능성이 있습니다. 전반적으로 피검사자와 기업간 비전 fit은 보통입니다."
80,"기업은 전문성, 성과, 사회공헌을 중요시하며, 피검사자는 창조, 열정, 혁신에 높은 가치를 두고 있습니다. 피검사자는 사회공헌에 대한 관심이 기업과 유사하여 긍정적으로 평가됩니다. 그러나 전문성에 대한 피검사자의 관심이 상대적으로 낮아 우려가 있을 수 있습니다. 반면, 피검사자는 성과에 대한 관심이 기업보다 낮지만, 창조와 열정에서 높은 점수를 보이며 기업에 추가적인 가치를 제공할 가능성이 있습니다. 전반적으로 피검사자와 기업간 비전 fit은 보통입니다."
81,"기업은 전문성, 성과, 사회공헌을 중요시하며, 피검사자는 창조, 열정, 혁신에 높은 가치를 두고 있습니다. 피검사자는 사회공헌에 대한 관심이 기업과 유사하며, 이는 긍정적으로 평가됩니다. 그러나 전문성에 대한 피검사자의 관심이 상대적으로 낮아 우려가 있을 수 있습니다. 반면, 피검사자는 성과에 대한 관심이 기업보다 낮지만, 창조와 열정에서 높은 점수를 보이며 기업에 추가적인 가치를 제공할 가능성이 있습니다. 전반적으로 피검사자와 기업간 비전 fit은 보통입니다."
82,"기업은 전문성, 성과, 사회공헌을 중요시하며, 피검사자는 창조, 열정, 혁신에 높은 가치를 두고 있습니다. 피검사자는 사회공헌에 대한 관심이 기업과 유사하며, 이는 긍정적으로 평가됩니다. 그러나 전문성에 대한 피검사자의 관심이 상대적으로 낮아 우려가 있을 수 있습니다. 반면, 피검사자는 성과에 대한 관심이 기업보다 낮지만, 창조와 열정에서 높은 점수를 보이며 기업에 추가적인 가치를 제공할 가능성이 있습니다. 전반적으로 피검사자와 기업간 비전 fit은 보통입니다."
83,"기업은 전문성, 성과, 사회공헌을 중요시하며, 피검사자는 창조, 열정, 혁신에 높은 가치를 두고 있습니다. 피검사자는 사회공헌에 대한 관심이 기업과 유사하여 긍정적으로 평가됩니다. 그러나 전문성에 대한 피검사자의 관심이 상대적으로 낮아 우려가 있을 수 있습니다. 반면, 피검사자는 성과에 대한 관심이 기업보다 낮지만, 창조와 열정에서 높은 점수를 보이며 기업에 추가적인 가치를 제공할 가능성이 있습니다. 전반적으로 피검사자와 기업간 비전 fit은 보통입니다."
84,"기업은 전문성, 성과, 사회공헌을 중요시하며, 피검사자는 창조, 열정, 혁신에 높은 가치를 두고 있습니다. 피검사자는 사회공헌에 대한 관심이 기업과 유사하며, 이는 긍정적으로 평가됩니다. 그러나 전문성에 대한 피검사자의 관심이 상대적으로 낮아 우려가 있을 수 있습니다. 반면, 피검사자는 성과에 대한 관심이 기업보다 낮지만, 창조와 열정에서 높은 점수를 보이며 기업에 추가적인 가치를 제공할 가능성이 있습니다. 전반적으로 피검사자와 기업간 비전 fit은 보통입니다."
85,"기업은 전문성, 성과, 사회공헌을 중요시하며, 피검사자는 창조, 열정, 혁신에 높은 가치를 두고 있습니다. 피검사자는 사회공헌에 대한 관심이 기업과 유사하며, 이는 긍정적으로 평가됩니다. 그러나 전문성에 대한 피검사자의 관심이 상대적으로 낮아 우려가 있을 수 있습니다. 반면, 피검사자는 성과에 대한 관심이 기업보다 낮지만, 창조와 열정에서 높은 점수를 보이며 기업에 추가적인 가치를 제공할 가능성이 있습니다. 전반적으로 피검사자와 기업간 비전 fit은 보통입니다."
86,"기업은 전문성, 성과, 사회공헌을 중요시하며, 피검사자는 창조, 열정, 혁신에 높은 가치를 두고 있습니다. 피검사자는 사회공헌에 대한 관심이 기업과 유사하며, 이는 긍정적으로 평가됩니다. 그러나 전문성에 대한 피검사자의 관심이 상대적으로 낮아 우려가 있을 수 있습니다. 또한, 성과에 대한 피검사자의 관심이 기업보다 낮지만, 창조와 열정에서 높은 점수를 보이며 기업에 추가적인 가치를 제공할 가능성이 있습니다. 전반적으로 피검사자와 기업간 비전 fit은 보통입니다."
87,"기업은 전문성, 성과, 사회공헌을 중요시하며, 피검사자는 창조, 열정, 혁신에 높은 가치를 두고 있습니다. 피검사자는 사회공헌에 대한 관심이 기업과 유사하며, 이는 긍정적으로 평가됩니다. 그러나 전문성에 대한 피검사자의 관심이 상대적으로 낮아 우려가 있을 수 있습니다. 반면, 피검사자는 성과에 대한 관심이 기업보다 낮지만, 창조와 열정에서 높은 점수를 보이며 기업에 추가적인 가치를 제공할 가능성이 있습니다. 전반적으로 피검사자와 기업간 비전 fit은 보통입니다."
88,"기업은 전문성, 성과, 사회공헌을 중요시하며, 피검사자는 창조, 열정, 혁신에 높은 가치를 두고 있습니다. 피검사자는 사회공헌에 대한 관심이 기업과 유사하여 긍정적으로 평가됩니다. 그러나 전문성에 대한 피검사자의 관심이 상대적으로 낮아 우려가 있을 수 있습니다. 또한, 성과에 대한 피검사자의 관심이 기업보다 낮지만, 창조와 열정에서 높은 점수를 보이며 기업에 추가적인 가치를 제공할 가능성이 있습니다. 전반적으로 피검사자와 기업간 비전 fit은 보통입니다."
89,"기업은 전문성, 성과, 사회공헌을 중요시하며, 피검사자는 창조, 열정, 혁신에 높은 가치를 두고 있습니다. 피검사자는 사회공헌에 대한 관심이 기업과 유사하여 긍정적으로 평가됩니다. 그러나 전문성에 대한 피검사자의 관심이 상대적으로 낮아 우려가 있을 수 있습니다. 반면, 피검사자는 성과에 대한 관심이 기업보다 낮지만, 창조와 열정에서 높은 점수를 보이며 기업에 추가적인 가치를 제공할 가능성이 있습니다. 전반적으로 피검사자와 기업간 비전 fit은 보통입니다."
90,"기업은 전문성, 성과, 사회공헌을 중요시하며, 피검사자는 창조, 열정, 혁신에 높은 가치를 두고 있습니다. 피검사자는 사회공헌에 대한 관심이 기업과 유사하여 긍정적으로 평가됩니다. 그러나 전문성에 대한 피검사자의 관심이 상대적으로 낮아 우려가 있을 수 있습니다. 반면, 피검사자는 성과에 대한 관심이 기업보다 낮지만, 창조와 열정에서 높은 점수를 보이며 기업에 추가적인 가치를 제공할 가능성이 있습니다. 전반적으로 피검사자와 기업간 비전 fit은 보통입니다."
91,"기업은 전문성, 성과, 사회공헌을 중요시하며, 피검사자는 창조, 열정, 혁신에 높은 가치를 두고 있습니다. 피검사자는 사회공헌에 대한 관심이 기업과 유사하며, 이는 긍정적으로 평가됩니다. 그러나 전문성에 대한 피검사자의 관심이 상대적으로 낮아 우려가 있을 수 있습니다. 반면, 피검사자는 성과에 대한 관심이 기업보다 낮지만, 창조와 열정에서 높은 점수를 보이며 기업에 추가적인 가치를 제공할 가능성이 있습니다. 전반적으로 피검사자와 기업간 비전 fit은 보통입니다."
92,"기업은 전문성, 성과, 사회공헌을 중요시하며, 피검사자는 창조, 열정, 혁신에 높은 가치를 두고 있습니다. 피검사자는 사회공헌에 대한 관심이 기업과 유사하며, 이는 긍정적으로 평가됩니다. 그러나 전문성에 대한 피검사자의 관심이 상대적으로 낮아 우려가 있을 수 있습니다. 반면, 피검사자는 성과에 대한 관심이 기업보다 낮지만, 창조와 열정에서 높은 점수를 보이며 기업에 추가적인 가치를 제공할 가능성이 있습니다. 전반적으로 피검사자와 기업간 비전 fit은 보통입니다."
93,"기업은 전문성, 성과, 사회공헌을 중요시하며, 피검사자는 창조, 열정, 혁신에 높은 가치를 두고 있습니다. 피검사자는 사회공헌에 대한 관심이 기업과 유사하며, 이는 긍정적으로 평가됩니다. 그러나 전문성에 대한 피검사자의 관심이 상대적으로 낮아 우려가 있을 수 있습니다. 반면, 피검사자는 성과에 대한 관심이 기업보다 낮지만, 창조와 열정에서 높은 점수를 보이며 기업에 추가적인 가치를 제공할 가능성이 있습니다. 전반적으로 피검사자와 기업간 비전 fit은 보통입니다."
94,"기업은 전문성, 성과, 사회공헌을 중요시하며, 피검사자는 창조, 열정, 혁신에 높은 가치를 두고 있습니다. 피검사자는 사회공헌에 대한 관심이 기업과 유사하며, 이는 긍정적으로 평가됩니다. 그러나 전문성에 대한 피검사자의 관심이 상대적으로 낮아 우려가 있을 수 있습니다. 반면, 피검사자는 성과에 대한 관심이 기업보다 낮지만, 창조와 열정에서 높은 점수를 보이며 기업에 추가적인 가치를 제공할 가능성이 있습니다. 전반적으로 피검사자와 기업간 비전 fit은 보통입니다."
95,"기업은 전문성, 성과, 사회공헌을 중요시하며, 피검사자는 창조, 열정, 혁신에 높은 가치를 두고 있습니다. 피검사자는 사회공헌에 대한 관심이 기업과 유사하며, 이는 긍정적으로 평가됩니다. 그러나 전문성에 대한 피검사자의 관심이 상대적으로 낮아 우려가 있을 수 있습니다. 반면, 피검사자는 성과에 대한 관심이 기업보다 낮지만, 창조와 열정에서 높은 점수를 보이며 기업에 추가적인 가치를 제공할 가능성이 있습니다. 전반적으로 피검사자와 기업간 비전 fit은 보통입니다."
96,"기업은 전문성, 성과, 사회공헌을 중요시하며, 피검사자는 창조, 열정, 혁신에 높은 가치를 두고 있습니다. 피검사자는 사회공헌에 대한 관심이 기업과 유사하며, 이는 긍정적으로 평가됩니다. 그러나 전문성에 대한 피검사자의 관심이 상대적으로 낮아 우려가 있을 수 있습니다. 반면, 피검사자는 성과에 대한 관심이 기업보다 낮지만, 창조와 열정에서 높은 점수를 보이며 기업에 추가적인 가치를 제공할 가능성이 있습니다. 전반적으로 피검사자와 기업간 비전 fit은 보통입니다."
97,"기업은 전문성, 성과, 사회공헌을 중요시하며, 피검사자는 창조, 열정, 혁신에 높은 가치를 두고 있습니다. 피검사자는 사회공헌에 대한 관심이 기업과 유사하며, 이는 긍정적으로 평가됩니다. 그러나 전문성에 대한 피검사자의 관심이 상대적으로 낮아 우려가 있을 수 있습니다. 또한, 성과에 대한 피검사자의 관심이 기업보다 낮지만, 창조와 열정에서 높은 점수를 보이며 기업에 추가적인 가치를 제공할 가능성이 있습니다. 전반적으로 피검사자와 기업간 비전 fit은 보통입니다."
98,"기업은 전문성, 성과, 사회공헌을 중요시하며, 피검사자는 창조, 열정, 혁신에 높은 가치를 두고 있습니다. 피검사자는 사회공헌에 대한 관심이 기업과 유사하며, 이는 긍정적으로 평가됩니다. 그러나 전문성에 대한 피검사자의 관심이 상대적으로 낮아 우려가 있을 수 있습니다. 반면, 피검사자는 성과에 대한 관심이 기업보다 낮지만, 창조와 열정에서 높은 점수를 보이며 기업에 추가적인 가치를 제공할 가능성이 있습니다. 전반적으로 피검사자와 기업간 비전 fit은 보통입니다."
99,"기업은 전문성, 성과, 사회공헌을 중요시하며, 피검사자는 창조, 열정, 혁신에 높은 가치를 두고 있습니다. 피검사자는 사회공헌에 대한 관심이 기업과 유사하며, 이는 긍정적으로 평가됩니다. 그러나 전문성에 대한 피검사자의 관심이 상대적으로 낮아 우려가 있을 수 있습니다. 반면, 피검사자는 성과에 대한 관심이 기업보다 낮지만, 창조와 열정에서 높은 점수를 보이며 기업에 추가적인 가치를 제공할 가능성이 있습니다. 전반적으로 피검사자와 기업간 비전 fit은 보통입니다."
100,"기업은 전문성, 성과, 사회공헌을 중요시하며, 피검사자는 창조, 열정, 혁신에 높은 가치를 두고 있습니다. 피검사자는 사회공헌에 대한 관심이 기업과 유사하여 긍정적으로 평가됩니다. 그러나 전문성에 대한 피검사자의 관심이 상대적으로 낮아 우려가 있을 수 있습니다. 반면, 피검사자는 성과에 대한 관심이 기업보다 낮지만, 창조와 열정에서 높은 점수를 보이며 기업에 추가적인 가치를 제공할 가능성이 있습니다. 전반적으로 피검사자와 기업간 비전 fit은 보통입니다."
